102.00000,240.00000,76.76578
102.00264,239.99923,72.42527
102.00831,239.99769,68.16197
102.01832,239.99504,63.97553
102.03197,239.99172,59.86559
102.05201,239.98737,55.83174
102.07803,239.98267,51.87354
102.10998,239.97815,47.99054
102.14868,239.97437,44.18226
102.19548,239.97229,40.44817
102.25062,239.97324,36.78777
102.31309,239.97839,33.20050
102.37859,239.98694,29.68582
102.44422,239.99801,26.24316
102.50956,240.01157,22.87196
102.57425,240.02750,19.57167
102.63968,240.04861,16.34171
102.70581,240.07562,13.18154
102.77026,240.10481,10.09060
102.83165,240.13954,7.06836
102.88881,240.18192,4.11429
102.94094,240.23107,1.22788
102.98737,240.28658,-1.59138
103.02881,240.34654,-4.34395
103.06712,240.40852,-7.03030
103.09953,240.47604,-9.65088
103.12946,240.54463,-12.20609
103.15416,240.61768,-14.69634
103.17479,240.69326,-17.12200
103.19197,240.77076,-19.48341
103.20333,240.85213,-21.78088
103.21270,240.93372,-24.01470
103.21597,241.01899,-26.18511
103.21780,241.10389,-28.29234
103.21400,241.19172,-30.33654
103.20629,241.27997,-32.31785
103.19589,241.36806,-34.23636
103.18557,241.45481,-36.09208
103.17279,241.54279,-37.88501
103.15766,241.63194,-39.61507
103.14076,241.72193,-41.28211
103.12127,241.81357,-42.88592
103.10130,241.90438,-44.42625
103.07620,241.99821,-45.90273
103.05123,242.09071,-47.31492
103.02255,242.18492,-48.66230
102.99205,242.27936,-49.94425
102.96123,242.37285,-51.16002
102.92527,242.46895,-52.30876
102.88775,242.56418,-53.38949
102.84562,242.65933,-54.40105
102.80434,242.75295,-55.34216
102.76387,242.84505,-56.21132
102.72224,242.93837,-57.00686
102.67946,243.03261,-57.72686
102.63715,243.12546,-58.36916
102.59533,243.21694,-58.93135
102.55233,243.30850,-59.41072
102.50632,243.40166,-59.80428
102.46074,243.49349,-60.10876
102.41551,243.58401,-60.32070
102.36552,243.67494,-60.43659
102.31328,243.76519,-60.45321
102.25816,243.85487,-60.36813
102.20433,243.94303,-60.18072
102.15027,244.03169,-59.89367
102.09544,244.12134,-59.51517
102.04152,244.20960,-59.06160
101.98849,244.29647,-58.55953
101.93633,244.38199,-58.04412
101.88503,244.46617,-57.77323
101.83459,244.54903,-57.51168
101.78497,244.63059,-57.26178
101.73618,244.71088,-57.02522
101.68819,244.78991,-56.80311
101.64100,244.86770,-56.59606
101.59458,244.94428,-56.40420
101.54636,245.02359,-56.22734
101.49763,245.10330,-56.06496
101.44934,245.18192,-55.91629
101.40150,245.25945,-55.78041
101.35412,245.33590,-55.65627
101.30720,245.41127,-55.54275
101.25993,245.48642,-55.43870
101.20957,245.56406,-55.34290
101.15937,245.64069,-55.25410
101.10365,245.71751,-55.17108
101.04608,245.79373,-55.09263
100.98488,245.86974,-55.01759
100.92506,245.94444,-54.94490
100.86657,246.01785,-54.87361
100.80927,246.09014,-54.80288
100.74993,246.16580,-54.73195
100.69117,246.24079,-54.66017
100.63329,246.31464,-54.58700
100.57629,246.38735,-54.51197
100.52016,246.45896,-54.43471
100.46484,246.52954,-54.35499
100.40716,246.60360,-54.27262
100.34917,246.67781,-54.18751
100.28634,246.75256,-54.09961
100.22340,246.82647,-54.00887
100.16148,246.89924,-53.91526
100.10054,246.97087,-53.81874
100.04057,247.04140,-53.71925
99.98156,247.11083,-53.61672
99.92350,247.17918,-53.51106
99.86636,247.24647,-53.40218
99.81013,247.31272,-53.28997
99.75359,247.37966,-53.17432
99.69525,247.44917,-53.05510
99.63746,247.51774,-52.93220
99.57933,247.58563,-52.80549
99.51640,247.65400,-52.67487
99.45261,247.72182,-52.54023
99.38863,247.78890,-52.40149
99.32595,247.85483,-52.25858
99.26452,247.91964,-52.11144
99.20431,247.98333,-51.96003
99.14529,248.04594,-51.80430
99.08740,248.10750,-51.64419
99.02775,248.17273,-51.47965
98.96807,248.23836,-51.31066
98.90914,248.30308,-51.13726
98.85094,248.36688,-50.95955
98.79349,248.42978,-50.77775
98.73676,248.49178,-50.59211
98.67632,248.55446,-50.40297
98.61506,248.61678,-50.21066
98.55499,248.67802,-50.01558
98.49608,248.73822,-49.81809
98.43758,248.79834,-49.61858
98.37690,248.86161,-49.41741
98.31715,248.92392,-49.21492
98.25830,248.98528,-49.01139
98.19992,249.04623,-48.80709
98.13850,249.11067,-48.60222
98.07786,249.17423,-48.39692
98.01802,249.23688,-48.19128
97.95898,249.29864,-47.98533
97.90068,249.35954,-47.77901
97.83911,249.42118,-47.57224
97.77737,249.48230,-47.36491
97.71383,249.54364,-47.15689
97.64955,249.60472,-46.94808
97.58547,249.66717,-46.73837
97.52102,249.73171,-46.52766
97.45765,249.79520,-46.31592
97.39535,249.85768,-46.10316
97.33409,249.91915,-45.88946
97.27380,249.97973,-45.67498
97.21210,250.04459,-45.45993
97.15063,250.10960,-45.24458
97.08982,250.17380,-45.02927
97.02966,250.23718,-44.81438
96.97017,250.29974,-44.60031
96.91078,250.36174,-44.38746
96.84667,250.42529,-44.17619
96.78346,250.48789,-43.96676
96.72136,250.54945,-43.75937
96.66037,250.60999,-43.55411
96.60044,250.66954,-43.35096
96.54155,250.72811,-43.14984
96.48314,250.78610,-42.95062
96.42133,250.84647,-42.75312
96.36070,250.90576,-42.55716
96.29961,250.96769,-42.36259
96.23832,251.03119,-42.16922
96.17787,251.09379,-41.97692
96.11824,251.15551,-41.78555
96.05944,251.21635,-41.59497
96.00144,251.27632,-41.40501
95.94094,251.33722,-41.21549
95.87865,251.39864,-41.02621
95.81759,251.45893,-40.83698
95.75774,251.51812,-40.64766
95.69769,251.57911,-40.45815
95.63730,251.64195,-40.26836
95.57781,251.70385,-40.07828
95.51922,251.76483,-39.88792
95.46132,251.82508,-39.69733
95.40007,251.88912,-39.50661
95.33966,251.95230,-39.31587
95.28021,252.01450,-39.12526
95.22170,252.07573,-38.93490
95.16348,252.13703,-38.74492
95.10330,252.20186,-38.55543
95.04397,252.26577,-38.36651
94.98495,252.32910,-38.17821
94.92239,252.39424,-37.99054
94.86092,252.45829,-37.80350
94.80061,252.52119,-37.61707
94.74143,252.58297,-37.43129
94.68289,252.64514,-37.24627
94.62362,252.71162,-37.06216
94.56510,252.77723,-36.87917
94.50731,252.84197,-36.69752
94.45026,252.90586,-36.51742
94.39292,252.96956,-36.33901
94.33200,253.03524,-36.16240
94.27218,253.09978,-35.98763
94.21346,253.16319,-35.81468
94.15581,253.22551,-35.64358
94.09808,253.29046,-35.47434
94.04041,253.35697,-35.30706
93.98347,253.42260,-35.14184
93.92725,253.48736,-34.97887
93.87175,253.55125,-34.81834
93.81423,253.61613,-34.66046
93.75486,253.68187,-34.50541
93.69661,253.74644,-34.35337
93.63944,253.80988,-34.20445
93.58315,253.87258,-34.05870
93.52516,253.93971,-33.91611
93.46803,254.00593,-33.77658
93.41180,254.07114,-33.63997
93.35644,254.13535,-33.50607
93.30194,254.19857,-33.37463
93.24580,254.26456,-33.24536
93.18932,254.33136,-33.11796
93.13372,254.39713,-32.99214
93.07898,254.46189,-32.86766
93.02510,254.52567,-32.74436
92.97177,254.58880,-32.62218
92.91558,254.65572,-32.50110
92.86028,254.72160,-32.38114
92.80592,254.78640,-32.26235
92.75118,254.85337,-32.14474
92.69610,254.92218,-32.02833
92.64179,254.99002,-31.91309
92.58825,255.05690,-31.79899
92.53544,255.12284,-31.68599
92.48010,255.19049,-31.57410
92.42430,255.25814,-31.46331
92.36946,255.32510,-31.35366
92.31442,255.39639,-31.24518
92.26009,255.46687,-31.13790
92.20651,255.53637,-31.03189
92.15366,255.60490,-30.92720
92.10153,255.67247,-30.82392
92.05012,255.73911,-30.72215
91.99693,255.80684,-30.62200
91.94212,255.87551,-30.52358
91.88836,255.94292,-30.42701
91.83502,256.01185,-30.33236
91.78168,256.08349,-30.23968
91.72907,256.15412,-30.14900
91.67718,256.22377,-30.06030
91.62602,256.29244,-29.97359
91.57556,256.36014,-29.88882
91.52579,256.42690,-29.80597
91.47376,256.49520,-29.72501
91.42085,256.56385,-29.64595
91.36896,256.63124,-29.56880
91.31737,256.70093,-29.49361
91.26591,256.77290,-29.42039
91.21513,256.84389,-29.34919
91.16503,256.91391,-29.28000
91.11559,256.98297,-29.21282
91.06484,257.05279,-29.14760
91.01205,257.12398,-29.08427
90.96026,257.19389,-29.02277
90.90945,257.26254,-28.96299
90.85897,257.33384,-28.90486
90.80868,257.40737,-28.84828
90.75901,257.47993,-28.79315
90.70996,257.55155,-28.73942
90.66153,257.62222,-28.68701
90.61371,257.69196,-28.63582
90.56514,257.76193,-28.58579
90.51362,257.83403,-28.53683
90.46306,257.90485,-28.48889
90.41344,257.97441,-28.44194
90.36439,258.04427,-28.39600
90.31506,258.11763,-28.35111
90.26642,258.18995,-28.30734
90.21847,258.26125,-28.26478
90.17118,258.33154,-28.22353
90.12455,258.40082,-28.18365
90.07858,258.46913,-28.14521
90.03037,258.53948,-28.10823
89.98193,258.60977,-28.07276
89.93436,258.67885,-28.03883
89.88676,258.75089,-28.00649
89.83936,258.82410,-27.97576
89.79259,258.89632,-27.94667
89.74644,258.96755,-27.91923
89.70071,259.03798,-27.89340
89.65154,259.11112,-27.86914
89.60290,259.18334,-27.84641
89.55519,259.25425,-27.82516
89.50784,259.32778,-27.80536
89.46066,259.40374,-27.78703
89.41405,259.47873,-27.77018
89.36801,259.55274,-27.75481
89.32254,259.62578,-27.74091
89.27763,259.69785,-27.72844
89.23286,259.76934,-27.71733
89.18434,259.84370,-27.70752
89.13653,259.91693,-27.69891
89.08961,259.98887,-27.69147
89.04357,260.05955,-27.68516
88.99763,260.13315,-27.67997
88.95194,260.20791,-27.67588
88.90686,260.28166,-27.67287
88.86236,260.35439,-27.67090
88.81844,260.42614,-27.66994
88.77511,260.49689,-27.66995
88.73082,260.56809,-27.67090
88.68416,260.64103,-27.67278
88.63840,260.71266,-27.67557
88.59313,260.78527,-27.67928
88.54784,260.86125,-27.68391
88.50313,260.93620,-27.68948
88.45900,261.01013,-27.69594
88.41543,261.08306,-27.70329
88.37244,261.15499,-27.71150
88.33000,261.22593,-27.72057
88.28582,261.29803,-27.73051
88.24014,261.37103,-27.74137
88.19533,261.44273,-27.75321
88.15123,261.51400,-27.76606
88.10690,261.58992,-27.77995
88.06311,261.66493,-27.79483
88.01987,261.73895,-27.81065
87.97718,261.81196,-27.82734
87.93465,261.88433,-27.84480
87.88857,261.95943,-27.86296
87.84315,262.03339,-27.88175
87.79858,262.10617,-27.90115
87.75394,262.18354,-27.92110
87.70974,262.26072,-27.94159
87.66608,262.33688,-27.96254
87.62296,262.41203,-27.98389
87.58038,262.48616,-28.00557
87.53833,262.55930,-28.02754
87.49559,262.63252,-28.04974
87.44979,262.70790,-28.07215
87.40488,262.78194,-28.09477
87.36083,262.85467,-28.11764
87.31758,262.92639,-28.14079
87.27421,263.00283,-28.16425
87.23129,263.07886,-28.18804
87.18888,263.15390,-28.21216
87.14700,263.22793,-28.23656
87.10563,263.30098,-28.26121
87.06474,263.37307,-28.28609
87.02062,263.44752,-28.31113
86.97619,263.52167,-28.33634
86.93262,263.59452,-28.36172
86.88966,263.66755,-28.38729
86.84652,263.74479,-28.41308
86.80391,263.82103,-28.43912
86.76182,263.89626,-28.46539
86.72024,263.97048,-28.49189
86.67918,264.04371,-28.51859
86.63862,264.11595,-28.54547
86.59541,264.18997,-28.57247
86.55126,264.26425,-28.59955
86.50795,264.33721,-28.62666
86.46528,264.41002,-28.65376
86.42234,264.48725,-28.68083
86.37993,264.56348,-28.70788
86.33804,264.63869,-28.73494
86.29667,264.71289,-28.76205
86.25582,264.78608,-28.78926
86.21548,264.85827,-28.81661
86.17289,264.93185,-28.84413
86.12902,265.00599,-28.87185
86.08599,265.07881,-28.89978
86.04361,265.15139,-28.92795
86.00092,265.22858,-28.95637
85.95873,265.30482,-28.98506
85.91706,265.38004,-29.01403
85.87590,265.45425,-29.04329
85.83525,265.52746,-29.07286
85.79418,265.60047,-29.10273
85.75078,265.67492,-29.13289
85.70818,265.74810,-29.16332
85.66633,265.82006,-29.19402
85.62506,265.89156,-29.22500
85.58315,265.96729,-29.25624
85.54175,266.04206,-29.28777
85.50087,266.11582,-29.31960
85.46049,266.18857,-29.35177
85.41802,266.26259,-29.38427
85.37413,266.33727,-29.41712
85.33108,266.41062,-29.45032
85.28829,266.48595,-29.48386
85.24550,266.56362,-29.51776
85.20324,266.64025,-29.55202
85.16149,266.71585,-29.58665
85.12025,266.79043,-29.62167
85.07952,266.86400,-29.65710
85.03917,266.93668,-29.69293
84.99516,267.01187,-29.72917
84.95138,267.08625,-29.76578
84.90846,267.15931,-29.80271
84.86623,267.23183,-29.83991
84.82365,267.30920,-29.87734
84.78153,267.38576,-29.91499
84.73991,267.46130,-29.95289
84.69878,267.53584,-29.99110
84.65815,267.60939,-30.02968
84.61796,267.68199,-30.06870
84.57429,267.75690,-30.10819
84.53047,267.83134,-30.14816
84.48749,267.90446,-30.18859
84.44523,267.97686,-30.22944
84.40257,268.05408,-30.27066
84.36037,268.13057,-30.31223
84.31866,268.20606,-30.35412
84.27744,268.28053,-30.39633
84.23671,268.35402,-30.43885
84.19646,268.42653,-30.48169
84.15288,268.50117,-30.52481
84.10887,268.57555,-30.56816
84.06571,268.64862,-30.61169
84.02328,268.72094,-30.65532
83.98040,268.79808,-30.69899
83.93796,268.87452,-30.74264
83.89602,268.94995,-30.78623
83.85458,269.02438,-30.82974
83.81364,269.09781,-30.87316
83.77318,269.17025,-30.91646
83.72966,269.24455,-30.95960
83.68539,269.31884,-31.00252
83.64198,269.39183,-31.04518
83.59935,269.46380,-31.08749
83.55625,269.54051,-31.12941
83.51354,269.61681,-31.17089
83.47134,269.69211,-31.21189
83.42963,269.76640,-31.25240
83.38843,269.83969,-31.29241
83.34772,269.91199,-31.33189
83.30421,269.98592,-31.37080
83.25967,270.06004,-31.40910
83.21599,270.13286,-31.44675
83.17312,270.20455,-31.48369
83.12978,270.28076,-31.51988
83.08679,270.35684,-31.55532
83.04430,270.43191,-31.58998
83.00232,270.50598,-31.62387
82.96085,270.57904,-31.65702
82.91989,270.65112,-31.68942
82.87629,270.72466,-31.72106
82.83150,270.79852,-31.75194
82.78759,270.87108,-31.78203
82.74447,270.94257,-31.81135
82.70082,271.01872,-31.83987
82.65754,271.09455,-31.86764
82.61479,271.16937,-31.89469
82.57255,271.24319,-31.92106
82.53082,271.31600,-31.94678
82.48959,271.38783,-31.97186
82.44545,271.46134,-31.99627
82.40047,271.53488,-32.01998
82.35636,271.60713,-32.04292
82.31302,271.67843,-32.06506
82.26909,271.75451,-32.08641
82.22557,271.83007,-32.10703
82.18258,271.90462,-32.12700
82.14010,271.97817,-32.14641
82.09814,272.05072,-32.16535
82.05665,272.12232,-32.18386
82.01173,272.19598,-32.20197
81.96657,272.26919,-32.21964
81.92228,272.34113,-32.23686
81.87876,272.41218,-32.25360
81.83460,272.48805,-32.26986
81.79088,272.56333,-32.28569
81.74767,272.63762,-32.30117
81.70498,272.71091,-32.31635
81.66281,272.78321,-32.33130
81.62091,272.85471,-32.34605
81.57511,272.92861,-32.36058
81.52980,273.00151,-32.37485
81.48537,273.07314,-32.38883
81.44168,273.14400,-32.40247
81.39734,273.21974,-32.41578
81.35343,273.29484,-32.42879
81.31005,273.36894,-32.44158
81.26717,273.44206,-32.45421
81.22480,273.51420,-32.46677
81.18102,273.58683,-32.47928
81.13479,273.66071,-32.49176
81.08945,273.73331,-32.50419
81.04496,273.80465,-32.51654
81.00121,273.87520,-32.52881
80.95680,273.95063,-32.54100
80.91281,274.02546,-32.55316
80.86932,274.09931,-32.56536
80.82633,274.17219,-32.57768
80.78382,274.24413,-32.59018
80.73800,274.31797,-32.60290
80.69169,274.39157,-32.61585
80.64626,274.46391,-32.62900
80.60168,274.53500,-32.64231
80.55778,274.60547,-32.65577
80.51322,274.68078,-32.66938
80.46910,274.75538,-32.68317
80.42547,274.82901,-32.69721
80.38234,274.90168,-32.71154
80.33937,274.97364,-32.72620
80.29239,275.04804,-32.74122
80.24596,275.12140,-32.75659
80.20040,275.19350,-32.77228
80.15569,275.26437,-32.78825
80.11157,275.33498,-32.80447
80.06682,275.41025,-32.82092
80.02253,275.48464,-32.83762
79.97875,275.55807,-32.85460
79.93545,275.63054,-32.87186
79.89188,275.70263,-32.88942
79.84446,275.77701,-32.90725
79.79786,275.85017,-32.92531
79.75213,275.92207,-32.94354
79.70724,275.99274,-32.96187
79.66285,276.06361,-32.98027
79.61788,276.13872,-32.99869
79.57341,276.21288,-33.01713
79.52943,276.28609,-33.03558
79.48594,276.35834,-33.05403
79.44213,276.43026,-33.07247
79.39447,276.50444,-33.09084
79.34764,276.57739,-33.10908
79.30170,276.64908,-33.12713
79.25660,276.71955,-33.14490
79.21165,276.79166,-33.16234
79.16648,276.86627,-33.17940
79.12182,276.93990,-33.19608
79.07769,277.01256,-33.21235
79.03408,277.08426,-33.22822
78.99044,277.15540,-33.24365
78.94278,277.22894,-33.25862
78.89587,277.30132,-33.27307
78.84985,277.37244,-33.28695
78.80454,277.44299,-33.30020
78.75855,277.51828,-33.31279
78.71305,277.59278,-33.32468
78.66809,277.66631,-33.33587
78.62365,277.73886,-33.34636
78.57975,277.81044,-33.35615
78.53572,277.88152,-33.36523
78.48773,277.95492,-33.37357
78.44055,278.02712,-33.38113
78.39427,278.09806,-33.38787
78.34874,278.16824,-33.39376
78.30249,278.24305,-33.39878
78.25673,278.31716,-33.40295
78.21152,278.39027,-33.40630
78.16687,278.46239,-33.40889
78.12277,278.53353,-33.41078
78.07881,278.60400,-33.41201
78.03087,278.67681,-33.41263
77.98363,278.74852,-33.41266
77.93730,278.81896,-33.41211
77.89132,278.89024,-33.41100
77.84486,278.96499,-33.40939
77.79898,279.03875,-33.40730
77.75365,279.11150,-33.40481
77.70889,279.18327,-33.40198
77.66465,279.25409,-33.39887
77.62055,279.32424,-33.39553
77.57254,279.39669,-33.39200
77.52519,279.46807,-33.38829
77.47875,279.53819,-33.38441
77.43262,279.60946,-33.38038
77.38607,279.68409,-33.37623
77.34008,279.75772,-33.37199
77.29465,279.83035,-33.36770
77.24979,279.90201,-33.36340
77.20548,279.97269,-33.35912
77.15886,280.04453,-33.35489
77.11086,280.11680,-33.35071
77.06379,280.18780,-33.34659
77.01760,280.25758,-33.34251
76.97159,280.32901,-33.33848
76.92526,280.40339,-33.33450
76.87947,280.47680,-33.33059
76.83422,280.54923,-33.32677
76.78950,280.62071,-33.32306
76.74431,280.69198,-33.31945
76.69559,280.76529,-33.31595
76.64776,280.83735,-33.31253
76.60084,280.90817,-33.30917
76.55478,280.97776,-33.30585
76.50873,281.04969,-33.30254
76.46251,281.12388,-33.29923
76.41682,281.19711,-33.29590
76.37165,281.26938,-33.29256
76.32700,281.34070,-33.28920
76.28077,281.41264,-33.28582
76.23206,281.48583,-33.28238
76.18427,281.55776,-33.27886
76.13737,281.62845,-33.27523
76.09132,281.69796,-33.27145
76.04492,281.77118,-33.26751
75.99873,281.84491,-33.26338
75.95309,281.91766,-33.25907
75.90798,281.98945,-33.25460
75.86342,282.06029,-33.24997
75.81751,282.13156,-33.24521
75.76888,282.20429,-33.24031
75.72116,282.27574,-33.23525
75.67436,282.34595,-33.23003
75.62780,282.41751,-33.22464
75.58090,282.49215,-33.21907
75.53455,282.56581,-33.21333
75.48875,282.63849,-33.20745
75.44350,282.71020,-33.20145
75.39881,282.78095,-33.19536
75.35266,282.85220,-33.18921
75.30393,282.92476,-33.18301
75.25612,282.99606,-33.17679
75.20923,283.06611,-33.17054
75.16267,283.13701,-33.16427
75.11565,283.21115,-33.15797
75.06922,283.28428,-33.15161
75.02338,283.35642,-33.14519
74.97812,283.42756,-33.13868
74.93344,283.49772,-33.13207
74.88767,283.56816,-33.12536
74.83920,283.64004,-33.11854
74.79168,283.71065,-33.11162
74.74507,283.78004,-33.10462
74.69802,283.85347,-33.09750
74.65120,283.92742,-33.09027
74.60495,284.00039,-33.08288
74.55927,284.07236,-33.07530
74.51417,284.14336,-33.06750
74.46932,284.21362,-33.05943
74.42067,284.28618,-33.05109
74.37264,284.35770,-33.04245
74.32553,284.42797,-33.03353
74.27928,284.49711,-33.02430
74.23252,284.57073,-33.01477
74.18607,284.64449,-33.00491
74.14016,284.71728,-32.99469
74.09480,284.78911,-32.98409
74.04997,284.85998,-32.97307
74.00216,284.93256,-32.96162
73.95354,285.00517,-32.94972
73.90583,285.07652,-32.93737
73.85901,285.14665,-32.92459
73.81295,285.21602,-32.91139
73.76629,285.29024,-32.89779
73.72007,285.36387,-32.88380
73.67439,285.43655,-32.86946
73.62924,285.50827,-32.85481
73.58456,285.57910,-32.83988
73.53615,285.65218,-32.82473
73.48766,285.72474,-32.80941
73.44008,285.79604,-32.79397
73.39338,285.86612,-32.77847
73.34707,285.93704,-32.76296
73.30036,286.01153,-32.74746
73.25419,286.08505,-32.73201
73.20855,286.15760,-32.71664
73.16345,286.22921,-32.70138
73.11887,286.29987,-32.68627
73.07085,286.37255,-32.67133
73.02234,286.44501,-32.65660
72.97474,286.51621,-32.64212
72.92804,286.58618,-32.62789
72.88154,286.65750,-32.61394
72.83474,286.73155,-32.60024
72.78852,286.80460,-32.58677
72.74288,286.87667,-32.57349
72.69782,286.94775,-32.56035
72.65332,287.01786,-32.54734
72.60659,287.08912,-32.53441
72.55832,287.16099,-32.52156
72.51099,287.23158,-32.50878
72.46450,287.30123,-32.49604
72.41738,287.37555,-32.48331
72.37074,287.44934,-32.47055
72.32469,287.52212,-32.45771
72.27922,287.59392,-32.44473
72.23433,287.66473,-32.43158
72.18863,287.73563,-32.41821
72.14045,287.80789,-32.40460
72.09318,287.87890,-32.39075
72.04679,287.94868,-32.37668
72.00083,288.01907,-32.36237
71.95440,288.09319,-32.34782
71.90853,288.16633,-32.33300
71.86321,288.23850,-32.31786
71.81844,288.30971,-32.30238
71.77241,288.38136,-32.28650
71.72382,288.45443,-32.27020
71.67615,288.52623,-32.25345
71.62938,288.59679,-32.23627
71.58344,288.66627,-32.21868
71.53705,288.74039,-32.20069
71.49101,288.81443,-32.18232
71.44551,288.88751,-32.16359
71.40054,288.95963,-32.14452
71.35610,289.03081,-32.12514
71.30901,289.10349,-32.10547
71.26069,289.17656,-32.08555
71.21327,289.24837,-32.06543
71.16673,289.31894,-32.04517
71.12087,289.38917,-32.02483
71.07449,289.46400,-32.00446
71.02863,289.53797,-31.98411
70.98330,289.61097,-31.96382
70.93850,289.68301,-31.94362
70.89424,289.75410,-31.92358
70.84763,289.82645,-31.90373
70.79938,289.89948,-31.88410
70.75205,289.97124,-31.86475
70.70561,290.04175,-31.84571
70.65969,290.11245,-31.82699
70.61327,290.18702,-31.80861
70.56744,290.26058,-31.79054
70.52218,290.33314,-31.77276
70.47749,290.40472,-31.75524
70.43337,290.47532,-31.73795
70.38802,290.54634,-31.72086
70.34009,290.61883,-31.70396
70.29310,290.69002,-31.68724
70.24700,290.76000,-31.67070
70.20053,290.83397,-31.65430
70.15436,290.90830,-31.63801
70.10877,290.98161,-31.62177
70.06376,291.05393,-31.60551
70.01933,291.12525,-31.58918
69.97545,291.19560,-31.57272
69.92862,291.26776,-31.55609
69.88124,291.33979,-31.53927
69.83478,291.41055,-31.52228
69.78912,291.48047,-31.50510
69.74295,291.55530,-31.48773
69.69726,291.62953,-31.47015
69.65213,291.70278,-31.45232
69.60755,291.77505,-31.43419
69.56352,291.84635,-31.41571
69.51698,291.91912,-31.39682
69.46931,291.99223,-31.37752
69.42254,292.06406,-31.35778
69.37665,292.13464,-31.33763
69.33136,292.20534,-31.31710
69.28566,292.28046,-31.29620
69.24049,292.35463,-31.27495
69.19584,292.42783,-31.25334
69.15173,292.50008,-31.23137
69.10789,292.57156,-31.20905
69.06012,292.64564,-31.18638
69.01285,292.71876,-31.16338
68.96647,292.79061,-31.14008
68.92094,292.86122,-31.11652
68.87577,292.93310,-31.09276
68.83038,293.00818,-31.06884
68.78552,293.08228,-31.04482
68.74118,293.15543,-31.02072
68.69736,293.22761,-30.99661
68.65387,293.29900,-30.97254
68.60640,293.37300,-30.94853
68.55931,293.44614,-30.92464
68.51311,293.51800,-30.90089
68.46777,293.58861,-30.87731
68.42247,293.66165,-30.85392
68.37716,293.73650,-30.83071
68.33242,293.81036,-30.80767
68.28822,293.88322,-30.78481
68.24457,293.95510,-30.76211
68.20142,294.02604,-30.73958
68.15489,294.09916,-30.71720
68.10810,294.17193,-30.69499
68.06222,294.24341,-30.67292
68.01712,294.31401,-30.65099
67.97152,294.38919,-30.62918
67.92643,294.46371,-30.60744
67.88192,294.53720,-30.58571
67.83798,294.60969,-30.56397
67.79461,294.68118,-30.54215
67.75163,294.75182,-30.52023
67.70504,294.82489,-30.49819
67.65884,294.89709,-30.47603
67.61353,294.96800,-30.45375
67.56854,295.04045,-30.43134
67.52341,295.11590,-30.40878
67.47884,295.19034,-30.38605
67.43481,295.26378,-30.36309
67.39134,295.33622,-30.33987
67.34837,295.40772,-30.31634
67.30212,295.48141,-30.29246
67.25573,295.55464,-30.26822
67.21024,295.62659,-30.24364
67.16560,295.69727,-30.21873
67.12106,295.77079,-30.19351
67.07657,295.84616,-30.16798
67.03261,295.92055,-30.14215
66.98917,295.99396,-30.11602
66.94625,296.06641,-30.08961
66.90188,296.13952,-30.06292
66.85515,296.21405,-30.03597
66.80931,296.28729,-30.00879
66.76432,296.35925,-29.98144
66.72016,296.42997,-29.95394
66.67597,296.50416,-29.92631
66.63195,296.57949,-29.89856
66.58843,296.65385,-29.87064
66.54543,296.72724,-29.84255
66.50292,296.79967,-29.81425
66.45835,296.87330,-29.78573
66.41196,296.94787,-29.75695
66.36645,297.02115,-29.72791
66.32179,297.09315,-29.69861
66.27793,297.16411,-29.66903
66.23375,297.23963,-29.63916
66.18998,297.31484,-29.60899
66.14672,297.38907,-29.57849
66.10399,297.46232,-29.54768
66.06177,297.53460,-29.51655
66.01794,297.60768,-29.48512
65.97184,297.68210,-29.45341
65.92663,297.75521,-29.42145
65.88227,297.82705,-29.38927
65.83844,297.89907,-29.35688
65.79430,297.97489,-29.32425
65.75071,298.04968,-29.29137
65.70769,298.12344,-29.25820
65.66521,298.19620,-29.22473
65.62329,298.26795,-29.19094
65.58036,298.34004,-29.15684
65.53482,298.41383,-29.12246
65.49018,298.48630,-29.08782
65.44637,298.55768,-29.05297
65.40226,298.63371,-29.01791
65.35861,298.70938,-28.98263
65.31551,298.78403,-28.94709
65.27296,298.85765,-28.91126
65.23095,298.93027,-28.87509
65.18890,299.00241,-28.83857
65.14344,299.07697,-28.80169
65.09880,299.15027,-28.76447
65.05502,299.22227,-28.72694
65.01183,299.29443,-28.68913
64.96844,299.37096,-28.65106
64.92557,299.44650,-28.61272
64.88322,299.52105,-28.57409
64.84137,299.59460,-28.53513
64.79994,299.66727,-28.49582
64.75497,299.74250,-28.45616
64.71017,299.81701,-28.41616
64.66623,299.89023,-28.37585
64.62310,299.96216,-28.33528
64.58051,300.03465,-28.29450
64.53778,300.11110,-28.25352
64.49555,300.18657,-28.21234
64.45382,300.26105,-28.17096
64.41257,300.33456,-28.12938
64.37043,300.40834,-28.08758
64.32539,300.48414,-28.04559
64.28120,300.55862,-28.00345
64.23784,300.63181,-27.96118
64.19528,300.70372,-27.91881
64.15303,300.77713,-27.87632
64.11076,300.85322,-27.83368
64.06901,300.92830,-27.79081
64.02777,301.00238,-27.74764
63.98705,301.07546,-27.70410
63.94605,301.14827,-27.66013
63.90166,301.22365,-27.61570
63.85809,301.29772,-27.57079
63.81536,301.37048,-27.52541
63.77289,301.44581,-27.47953
63.73058,301.52312,-27.43315
63.68878,301.59942,-27.38621
63.64749,301.67471,-27.33869
63.60670,301.74899,-27.29056
63.56641,301.82228,-27.24181
63.52443,301.89656,-27.19243
63.48042,301.97210,-27.14248
63.43727,302.04631,-27.09200
63.39494,302.11920,-27.04104
63.35305,302.19290,-26.98963
63.31108,302.26973,-26.93775
63.26967,302.34552,-26.88537
63.22879,302.42025,-26.83245
63.18845,302.49395,-26.77896
63.14864,302.56663,-26.72490
63.10737,302.64017,-26.67030
63.06417,302.71497,-26.61524
63.02182,302.78842,-26.55978
62.98017,302.86153,-26.50401
62.93843,302.93921,-26.44793
62.89722,303.01592,-26.39153
62.85654,303.09158,-26.33476
62.81638,303.16621,-26.27755
62.77674,303.23981,-26.21982
62.73665,303.31332,-26.16154
62.69348,303.38927,-26.10270
62.65115,303.46384,-26.04331
62.60964,303.53708,-25.98341
62.56864,303.61169,-25.92302
62.52776,303.68954,-25.86213
62.48738,303.76636,-25.80072
62.44750,303.84216,-25.73874
62.40811,303.91694,-25.67614
62.36911,303.99082,-25.61291
62.32676,304.06742,-25.54906
62.28457,304.14331,-25.48464
62.24318,304.21787,-25.41972
62.20257,304.29111,-25.35435
62.16246,304.36544,-25.28856
62.12248,304.44312,-25.22233
62.08298,304.51978,-25.15562
62.04395,304.59543,-25.08838
62.00539,304.67008,-25.02058
61.96534,304.74569,-24.95223
61.92326,304.82277,-24.88336
61.88199,304.89849,-24.81404
61.84149,304.97288,-24.74430
61.80175,305.04598,-24.67417
61.76220,305.12250,-24.60360
61.72297,305.19983,-24.53254
61.68422,305.27613,-24.46088
61.64597,305.35141,-24.38854
61.60819,305.42567,-24.31546
61.56848,305.50140,-24.24163
61.52733,305.57807,-24.16706
61.48698,305.65337,-24.09182
61.44738,305.72748,-24.01596
61.40804,305.80619,-23.93951
61.36911,305.88476,-23.86246
61.33066,305.96230,-23.78479
61.29268,306.03881,-23.70646
61.25516,306.11430,-23.62743
61.21794,306.18895,-23.54770
61.17720,306.26668,-23.46729
61.13678,306.34349,-23.38628
61.09714,306.41894,-23.30470
61.05827,306.49305,-23.22258
61.01958,306.57040,-23.13992
60.98125,306.64843,-23.05665
60.94342,306.72538,-22.97271
60.90610,306.80126,-22.88807
60.86929,306.87607,-22.80273
60.83276,306.95006,-22.71672
60.79298,307.02704,-22.63016
60.75366,307.10298,-22.54312
60.71512,307.17760,-22.45568
60.67692,307.25645,-22.36789
60.63916,307.33543,-22.27972
60.60189,307.41333,-22.19111
60.56511,307.49016,-22.10198
60.52882,307.56592,-22.01225
60.49188,307.64189,-21.92188
60.45240,307.72015,-21.83088
60.41370,307.79698,-21.73928
60.37576,307.87243,-21.64713
60.33845,307.94910,-21.55446
60.30155,308.02911,-21.46126
60.26510,308.10806,-21.36752
60.22910,308.18597,-21.27316
60.19354,308.26285,-21.17816
60.15839,308.33874,-21.08251
60.12036,308.41736,-20.98625
60.08217,308.49562,-20.88945
60.04470,308.57248,-20.79220
60.00795,308.64799,-20.69459
59.97182,308.72334,-20.59666
59.93602,308.80287,-20.49843
59.90066,308.88135,-20.39987
59.86576,308.95877,-20.30094
59.83130,309.03515,-20.20155
59.79568,309.11240,-20.10163
59.75812,309.19141,-20.00116
59.72129,309.26900,-19.90011
59.68517,309.34521,-19.79852
59.64970,309.42137,-19.69640
59.61470,309.50171,-19.59378
59.58015,309.58098,-19.49062
59.54604,309.65919,-19.38688
59.51236,309.73634,-19.28250
59.47906,309.81251,-19.17739
59.44290,309.89170,-19.07152
59.40670,309.97037,-18.96489
59.37121,310.04762,-18.85752
59.33644,310.12539,-18.74947
59.30225,310.20698,-18.64078
59.26849,310.28751,-18.53144
59.23515,310.36696,-18.42142
59.20222,310.44536,-18.31065
59.16970,310.52271,-18.19902
59.13577,310.60127,-18.08645
59.10003,310.68150,-17.97288
59.06499,310.76029,-17.85831
59.03063,310.83767,-17.74273
58.99690,310.91469,-17.62618
58.96357,310.99568,-17.50867
58.93070,311.07555,-17.39019
58.89828,311.15430,-17.27072
58.86630,311.23194,-17.15021
58.83477,311.30848,-17.02868
58.80160,311.38669,-16.90614
58.76731,311.46585,-16.78267
58.73371,311.54353,-16.65840
58.70090,311.62387,-16.53344
58.66866,311.70579,-16.40791
58.63686,311.78658,-16.28187
58.60548,311.86625,-16.15536
58.57452,311.94482,-16.02838
58.54343,312.02305,-15.90089
58.50971,312.10436,-15.77293
58.47663,312.18424,-15.64451
58.44420,312.26266,-15.51573
58.41253,312.34163,-15.38666
58.38169,312.42439,-15.25738
58.35123,312.50607,-15.12794
58.32116,312.58666,-14.99832
58.29146,312.66617,-14.86847
58.26211,312.74466,-14.73834
58.23028,312.82614,-14.60789
58.19825,312.90732,-14.47711
58.16683,312.98706,-14.34604
58.13601,313.06537,-14.21472
58.10584,313.14368,-14.08320
58.07638,313.22579,-13.95150
58.04731,313.30677,-13.81958
58.01863,313.38665,-13.68739
57.99032,313.46542,-13.55485
57.96076,313.54560,-13.42191
57.92986,313.62725,-13.28858
57.89957,313.70740,-13.15491
57.86990,313.78624,-13.02098
57.84114,313.86685,-12.88688
57.81290,313.94683,-12.75269
57.78509,314.02559,-12.61843
57.75771,314.10318,-12.48410
57.73034,314.18473,-12.34964
57.70321,314.26657,-12.21500
57.67643,314.34731,-12.08017
57.64998,314.42697,-11.94516
57.62184,314.50880,-11.81003
57.59282,314.59145,-11.67484
57.56437,314.67261,-11.53965
57.53647,314.75231,-11.40449
57.50936,314.83268,-11.26933
57.48325,314.91636,-11.13412
57.45746,314.99893,-10.99880
57.43200,315.08040,-10.86332
57.40686,315.16079,-10.72766
57.38063,315.24244,-10.59186
57.35287,315.32607,-10.45593
57.32565,315.40818,-10.31988
57.29896,315.48881,-10.18370
57.27306,315.56995,-10.04734
57.24824,315.65443,-9.91069
57.22372,315.73777,-9.77367
57.19952,315.82001,-9.63619
57.17563,315.90113,-9.49825
57.15193,315.98136,-9.35986
57.12569,316.06541,-9.22108
57.09963,316.14853,-9.08197
57.07408,316.23013,-8.94257
57.04907,316.31047,-8.80291
57.02516,316.39502,-8.66296
57.00166,316.47881,-8.52268
56.97849,316.56140,-8.38205
56.95565,316.64283,-8.24106
56.93312,316.72309,-8.09973
56.91003,316.80387,-7.95806
56.88527,316.88724,-7.81606
56.86102,316.96905,-7.67371
56.83780,317.05227,-7.53095
56.81564,317.13790,-7.38771
56.79378,317.22234,-7.24388
56.77222,317.30560,-7.09940
56.75096,317.38769,-6.95422
56.72999,317.46863,-6.80836
56.70719,317.55271,-6.66186
56.68415,317.63664,-6.51476
56.66158,317.71901,-6.36710
56.63978,317.80127,-6.21889
56.61954,317.88754,-6.07012
56.59956,317.97266,-5.92075
56.57984,318.05662,-5.77077
56.56038,318.13945,-5.62021
56.54110,318.22129,-5.46914
56.51976,318.30686,-5.31769
56.49847,318.39165,-5.16601
56.47760,318.47490,-5.01422
56.45715,318.55665,-4.86246
56.43808,318.64117,-4.71081
56.41982,318.72673,-4.55932
56.40179,318.81115,-4.40805
56.38400,318.89442,-4.25706
56.36642,318.97660,-4.10645
56.34710,319.06205,-3.95632
56.32748,319.14751,-3.80680
56.30824,319.23140,-3.65801
56.28941,319.31384,-3.51003
56.27232,319.40002,-3.36290
56.25578,319.48621,-3.21661
56.23945,319.57125,-3.07115
56.22333,319.65514,-2.92651
56.20742,319.73790,-2.78269
56.19083,319.82160,-2.63970
56.17278,319.90800,-2.49757
56.15511,319.99282,-2.35630
56.13779,320.07608,-2.21587
56.12151,320.16077,-2.07627
56.10625,320.24736,-1.93746
56.09122,320.33272,-1.79941
56.07640,320.41685,-1.66208
56.06179,320.49979,-1.52541
56.04738,320.58154,-1.38937
56.03173,320.66598,-1.25388
56.01565,320.75083,-1.11890
55.99997,320.83428,-0.98436
55.98628,320.92190,-0.85021
55.97297,321.00888,-0.71637
55.95984,321.09465,-0.58279
55.94690,321.17922,-0.44941
55.93413,321.26260,-0.31617
55.92153,321.34483,-0.18305
55.90784,321.42957,-0.05006
55.89364,321.51502,0.08276
55.87974,321.59890,0.21532
55.86668,321.68304,0.34751
55.85521,321.77028,0.47919
55.84389,321.85631,0.61023
55.83273,321.94113,0.74052
55.82173,322.02477,0.86995
55.81021,322.10919,0.99845
55.79755,322.19622,1.12595
55.78515,322.28164,1.25236
55.77397,322.36795,1.37763
55.76441,322.45674,1.50167
55.75497,322.54433,1.62442
55.74565,322.63074,1.74583
55.73645,322.71598,1.86589
55.72736,322.80005,1.98458
55.71774,322.88492,2.10193
55.70686,322.97273,2.21794
55.69621,323.05893,2.33262
55.68580,323.14354,2.44597
55.67651,323.22911,2.55797
55.66870,323.31696,2.66864
55.66099,323.40360,2.77800
55.65338,323.48905,2.88607
55.64587,323.57331,2.99289
55.63846,323.65640,3.09853
55.63013,323.74171,3.20304
55.62112,323.82834,3.30648
55.61231,323.91336,3.40891
55.60496,324.00007,3.51037
55.59887,324.08842,3.61089
55.59287,324.17555,3.71052
55.58694,324.26146,3.80929
55.58109,324.34617,3.90726
55.57532,324.42970,4.00444
55.56937,324.51293,4.10086
55.56206,324.60000,4.19652
55.55491,324.68552,4.29143
55.54827,324.77029,4.38555
55.54395,324.85900,4.47887
55.53972,324.94655,4.57140
55.53555,325.03289,4.66315
55.53142,325.11803,4.75416
55.52734,325.20199,4.84446
55.52250,325.28787,4.93410
55.51698,325.37523,5.02307
55.51160,325.46096,5.11135
55.50660,325.54566,5.19889
55.50435,325.63460,5.28564
55.50224,325.72266,5.37153
55.50015,325.80957,5.45654
55.49806,325.89534,5.54065
55.49598,325.97999,5.62389
55.49310,326.06664,5.70628
55.48945,326.15507,5.78783
55.48590,326.24190,5.86852
55.48245,326.32717,5.94831
55.48079,326.41451,6.02716
55.48037,326.50323,6.10504
55.47992,326.59081,6.18191
55.47947,326.67726,6.25777
55.47899,326.76259,6.33266
55.47843,326.84706,6.40663
55.47638,326.93602,6.47970
55.47425,327.02399,6.55187
55.47220,327.11037,6.62309
55.47023,327.19520,6.69333
55.46845,327.27884,6.76253
55.46870,327.36629,6.83065
55.46904,327.45270,6.89768
55.46937,327.53787,6.96365
55.46969,327.62182,7.02860
55.47000,327.70456,7.09256
55.47011,327.78883,7.15555
55.46998,327.87513,7.21759
55.46988,327.95995,7.27867
55.46994,328.04368,7.33880
55.47193,328.13149,7.39800
55.47396,328.21826,7.45631
55.47596,328.30382,7.51380
55.47792,328.38819,7.57054
55.47985,328.47138,7.62655
55.48167,328.55376,7.68180
55.48256,328.64013,7.73618
55.48342,328.72520,7.78961
55.48449,328.80915,7.84195
55.48805,328.89706,7.89312
55.49166,328.98400,7.94304
55.49521,329.06977,7.99170
55.49869,329.15438,8.03914
55.50209,329.23797,8.08537
55.50435,329.32554,8.13042
55.50644,329.41241,8.17427
55.51030,329.50114,8.21686
55.51508,329.59049,8.25812
55.51978,329.67860,8.29800
55.52440,329.76549,8.33645
55.52895,329.85117,8.37349
55.53342,329.93565,8.40916
55.53780,330.01905,8.44355
55.54103,330.10641,8.47673
55.54404,330.19317,8.50874
55.54704,330.27831,8.53957
55.55144,330.36448,8.56918
55.55767,330.45288,8.59753
55.56380,330.54011,8.62456
55.56982,330.62618,8.65025
55.57575,330.71109,8.67464
55.58157,330.79486,8.69779
55.58728,330.87759,8.71978
55.59185,330.96439,8.74068
55.59618,331.05068,8.76054
55.60048,331.13539,8.77937
55.60653,331.22197,8.79717
55.61387,331.30996,8.81393
55.62109,331.39677,8.82969
55.62820,331.48242,8.84452
55.63518,331.56693,8.85853
55.64205,331.65030,8.87182
55.64876,331.73274,8.88450
55.65428,331.81946,8.89661
55.65961,331.90527,8.90817
55.66490,331.98951,8.91919
55.67229,332.07647,8.92964
55.68048,332.16399,8.93957
55.68855,332.25033,8.94899
55.69648,332.33550,8.95797
55.70428,332.41952,8.96655
55.71196,332.50239,8.97476
55.71943,332.58452,8.98256
55.72574,332.67087,8.98986
55.73191,332.75598,8.99651
55.73806,332.83959,9.00237
55.74685,332.92681,9.00728
55.75608,333.01394,9.01116
55.76515,333.09993,9.01395
55.77408,333.18478,9.01566
55.78286,333.26852,9.01632
55.79106,333.35338,9.01600
55.79835,333.44095,9.01472
55.80556,333.52693,9.01251
55.81471,333.61518,9.00935
55.82446,333.70358,9.00522
55.83405,333.79078,9.00011
55.84350,333.87678,8.99406
55.85279,333.96160,8.98711
55.86193,334.04524,8.97935
55.87084,334.12815,8.97090
55.87854,334.21533,8.96185
55.88609,334.30123,8.95226
55.89356,334.38553,8.94218
55.90304,334.47211,8.93160
55.91364,334.55976,8.92049
55.92406,334.64625,8.90885
55.93432,334.73159,8.89670
55.94441,334.81580,8.88407
55.95433,334.89888,8.87103
55.96407,334.98094,8.85761
55.97271,335.06711,8.84387
55.98107,335.15263,8.82982
55.98933,335.23660,8.81542
55.99955,335.32294,8.80064
56.01078,335.41030,8.78542
56.02182,335.49652,8.76970
56.03269,335.58162,8.75343
56.04338,335.66559,8.73655
56.05389,335.74845,8.71902
56.06413,335.83067,8.70079
56.07307,335.91726,8.68179
56.08184,336.00260,8.66196
56.09051,336.08638,8.64125
56.10093,336.17230,8.61961
56.11244,336.25944,8.59701
56.12377,336.34542,8.57343
56.13491,336.43027,8.54884
56.14587,336.51398,8.52320
56.15664,336.59658,8.49649
56.16721,336.67822,8.46869
56.17651,336.76402,8.43983
56.18555,336.84899,8.40994
56.19448,336.93241,8.37908
56.20514,337.01781,8.34732
56.21709,337.10480,8.31472
56.22885,337.19066,8.28134
56.24040,337.27541,8.24722
56.25177,337.35905,8.21238
56.26281,337.44224,8.17687
56.27253,337.52968,8.14074
56.28210,337.61573,8.10406
56.29271,337.70246,8.06692
56.30462,337.79077,8.02940
56.31635,337.87787,7.99159
56.32789,337.96377,7.95357
56.33924,338.04850,7.91539
56.35041,338.13205,7.87710
56.36139,338.21445,7.83871
56.37141,338.29974,7.80026
56.38091,338.38552,7.76178
56.39031,338.46972,7.72336
56.40089,338.55487,7.68505
56.41323,338.64244,7.64694
56.42537,338.72888,7.60912
56.43730,338.81419,7.57163
56.44904,338.89838,7.53450
56.46058,338.98147,7.49770
56.47192,339.06346,7.46118
56.48211,339.14881,7.42486
56.49177,339.23448,7.38869
56.50133,339.31859,7.35260
56.51207,339.40377,7.31658
56.52449,339.49135,7.28061
56.53671,339.57781,7.24468
56.54871,339.66315,7.20869
56.56051,339.74738,7.17254
56.57211,339.83051,7.13608
56.58351,339.91256,7.09917
56.59363,339.99805,7.06165
56.60323,340.08377,7.02345
56.61272,340.16793,6.98451
56.62279,340.25201,6.94484
56.63502,340.33956,6.90447
56.64705,340.42599,6.86345
56.65887,340.51128,6.82177
56.67050,340.59546,6.77940
56.68192,340.67852,6.73627
56.69315,340.76049,6.69231
56.70332,340.84489,6.64747
56.71270,340.93054,6.60172
56.72199,341.01463,6.55508
56.73142,341.09770,6.50763
56.74342,341.18500,6.45942
56.75536,341.27145,6.41055
56.76709,341.35680,6.36102
56.77861,341.44105,6.31083
56.78994,341.52421,6.25993
56.80024,341.60957,6.20828
56.80969,341.69643,6.15587
56.81906,341.78182,6.10269
56.82953,341.86831,6.04880
56.83997,341.95372,5.99430
56.85025,342.03781,5.93927
56.86037,342.12062,5.88380
56.87040,342.20226,5.82794
56.88212,342.28783,5.77169
56.89383,342.37290,5.71501
56.90534,342.45694,5.65788
56.91658,342.54012,5.60029
56.92625,342.62756,5.54225
56.93561,342.71424,5.48382
56.94486,342.79941,5.42510
56.95401,342.88313,5.36619
56.96342,342.96617,5.30717
56.97523,343.05335,5.24810
56.98689,343.13960,5.18897
56.99833,343.22480,5.12975
57.00956,343.30896,5.07042
57.02048,343.39239,5.01096
57.02969,343.48031,4.95139
57.03866,343.56717,4.89179
57.04754,343.65251,4.83225
57.05631,343.73637,4.77283
57.06540,343.81967,4.71356
57.07694,343.90738,4.65445
57.08833,343.99417,4.59543
57.09949,344.07992,4.53647
57.11044,344.16463,4.47753
57.12117,344.24830,4.41861
57.13060,344.33464,4.35978
57.13908,344.42238,4.30114
57.14748,344.50857,4.24283
57.15579,344.59326,4.18496
57.16401,344.67648,4.12762
57.17367,344.76187,4.07081
57.18424,344.84864,4.01454
57.19461,344.93433,3.95875
57.20479,345.01893,3.90343
57.21477,345.10246,3.84857
57.22445,345.18527,3.79423
57.23230,345.27247,3.74047
57.23995,345.35855,3.68743
57.24753,345.44310,3.63516
57.25526,345.52667,3.58373
57.26519,345.61442,3.53309
57.27504,345.70129,3.48321
57.28470,345.78703,3.43399
57.29417,345.87167,3.38539
57.30346,345.95520,3.33736
57.31254,346.03775,3.28992
57.31987,346.12434,3.24313
57.32687,346.21025,3.19705
57.33381,346.29461,3.15174
57.34106,346.37835,3.10720
57.35045,346.46622,3.06337
57.35969,346.55305,3.02014
57.36875,346.63876,2.97742
57.37765,346.72336,2.93510
57.38637,346.80684,2.89311
57.39430,346.89120,2.85144
57.40091,346.97818,2.81009
57.40746,347.06360,2.76910
57.41396,347.14751,2.72849
57.42094,347.23123,2.68820
57.42999,347.31887,2.64816
57.43885,347.40545,2.60823
57.44754,347.49093,2.56829
57.45605,347.57534,2.52826
57.46434,347.65882,2.48809
57.47080,347.74644,2.44779
57.47696,347.83328,2.40744
57.48308,347.91860,2.36709
57.48915,348.00241,2.32682
57.49599,348.08675,2.28664
57.50454,348.17432,2.24657
57.51292,348.26080,2.20658
57.52112,348.34620,2.16662
57.52915,348.43053,2.12666
57.53698,348.51390,2.08670
57.54295,348.60136,2.04674
57.54857,348.68824,2.00686
57.55416,348.77358,1.96717
57.55970,348.85742,1.92774
57.56673,348.94361,1.88866
57.57464,349.03123,1.84995
57.58239,349.11775,1.81160
57.58998,349.20317,1.77358
57.59740,349.28751,1.73586
57.60466,349.37077,1.69843
57.61033,349.45717,1.66132
57.61526,349.54415,1.62459
57.62018,349.62957,1.58834
57.62507,349.71348,1.55267
57.63167,349.80045,1.51765
57.63889,349.88821,1.48328
57.64595,349.97485,1.44955
57.65285,350.06038,1.41640
57.65961,350.14481,1.38375
57.66621,350.22814,1.35154
57.67150,350.31374,1.31974
57.67574,350.40076,1.28835
57.67998,350.48621,1.25740
57.68422,350.57013,1.22693
57.68981,350.65634,1.19697
57.69626,350.74398,1.16751
57.70256,350.83049,1.13853
57.70873,350.91586,1.11000
57.71476,351.00011,1.08186
57.72066,351.08324,1.05410
57.72524,351.16867,1.02669
57.72887,351.25527,0.99966
57.73250,351.34031,0.97304
57.73615,351.42383,0.94688
57.74147,351.51045,0.92119
57.74743,351.59793,0.89597
57.75325,351.68429,0.87117
57.75894,351.76953,0.84676
57.76450,351.85367,0.82269
57.76974,351.93725,0.79892
57.77304,352.02485,0.77545
57.77627,352.11109,0.75230
57.77952,352.19581,0.72951
57.78277,352.27903,0.70711
57.78773,352.36538,0.68513
57.79333,352.45261,0.66356
57.79879,352.53876,0.64236
57.80412,352.62381,0.62150
57.80932,352.70778,0.60093
57.81328,352.79378,0.58062
57.81613,352.88141,0.56060
57.81900,352.96748,0.54088
57.82188,353.05205,0.52150
57.82478,353.13515,0.50252
57.82951,353.22179,0.48393
57.83471,353.30889,0.46571
57.83978,353.39489,0.44783
57.84471,353.47982,0.43021
57.84952,353.56368,0.41280
57.85299,353.64983,0.39559
57.85541,353.73743,0.37857
57.85785,353.82347,0.36180
57.86031,353.90801,0.34531
57.86307,353.99182,0.32918
57.86782,354.07986,0.31341
57.87249,354.16693,0.29801
57.87704,354.25291,0.28295
57.88147,354.33779,0.26820
57.88578,354.42159,0.25371
57.88898,354.50698,0.23950
57.89083,354.59461,0.22558
57.89272,354.68066,0.21201
57.89464,354.76519,0.19885
57.89703,354.84946,0.18616
57.90123,354.93763,0.17398
57.90533,355.02470,0.16234
57.90931,355.11065,0.15123
57.91318,355.19550,0.14066
57.91695,355.27925,0.13064
57.91988,355.36386,0.12120
57.92119,355.45138,0.11241
57.92255,355.53733,0.10434
57.92395,355.62174,0.09708
57.92588,355.70608,0.09068
57.92945,355.79403,0.08519
57.93292,355.88083,0.08061
57.93630,355.96650,0.07690
57.93959,356.05103,0.07404
57.94278,356.13443,0.07198
57.94528,356.21838,0.07070
57.94613,356.30539,0.07018
57.94704,356.39083,0.07044
57.94800,356.47472,0.07147
57.95020,356.56056,0.07326
57.95342,356.64827,0.07579
57.95655,356.73483,0.07900
57.95959,356.82026,0.08281
57.96254,356.90456,0.08716
57.96541,356.98774,0.09197
57.96678,357.07363,0.09720
57.96729,357.16050,0.10279
57.96786,357.24577,0.10873
57.96850,357.32950,0.11500
57.97077,357.41612,0.12154
57.97382,357.50387,0.12831
57.97678,357.59049,0.13524
57.97965,357.67598,0.14222
57.98243,357.76036,0.14917
57.98511,357.84366,0.15601
57.98610,357.93027,0.16268
57.98658,358.01687,0.16914
57.98712,358.10193,0.17535
57.98771,358.18547,0.18129
57.98948,358.27062,0.18692
57.99247,358.35811,0.19220
57.99536,358.44449,0.19706
57.99816,358.52978,0.20147
58.00086,358.61397,0.20536
58.00300,358.69840,0.20871
58.00334,358.78638,0.21152
58.00373,358.87281,0.21382
58.00417,358.95770,0.21564
58.00466,359.04111,0.21703
58.00637,359.12629,0.21802
58.00923,359.21359,0.21863
58.01199,359.29981,0.21887
58.01465,359.38493,0.21875
58.01722,359.46898,0.21828
58.01887,359.55420,0.21749
58.01905,359.64207,0.21644
58.01929,359.72838,0.21518
58.01958,359.81318,0.21381
58.01993,359.89651,0.21238
58.02197,359.98301,0.21096
58.02444,360.06971,0.20960
58.02682,360.15530,0.20832
58.02911,360.23978,0.20716
58.03133,360.32316,0.20615
58.03267,360.40765,0.20534
58.03256,360.49478,0.20479
58.03253,360.58034,0.20456
58.03255,360.66437,0.20472
58.03410,360.75096,0.20533
58.03649,360.83887,0.20643
58.03880,360.92565,0.20806
58.04102,361.01131,0.21024
58.04317,361.09586,0.21297
58.04523,361.17930,0.21629
58.04609,361.26470,0.22021
58.04580,361.35183,0.22476
58.04558,361.43739,0.22996
58.04544,361.52141,0.23586
58.04631,361.60674,0.24248
58.04840,361.69438,0.24982
58.05041,361.78087,0.25790
58.05235,361.86623,0.26671
58.05421,361.95045,0.27624
58.05601,362.03356,0.28649
58.05669,362.11844,0.29749
58.05623,362.20512,0.30922
58.05584,362.29022,0.32170
58.05553,362.37381,0.33494
58.05696,362.46076,0.34892
58.05889,362.54811,0.36362
58.06076,362.63432,0.37900
58.06256,362.71938,0.39500
58.06430,362.80331,0.41157
58.06597,362.88613,0.42864
58.06610,362.97192,0.44619
58.06560,363.05811,0.46418
58.06518,363.14274,0.48259
58.06490,363.22606,0.50140
58.06665,363.31363,0.52061
58.06857,363.40065,0.54019
58.07041,363.48652,0.56014
58.07219,363.57126,0.58043
58.07390,363.65487,0.60106
58.07501,363.73893,0.62201
58.07456,363.82607,0.64329
58.07419,363.91164,0.66489
58.07389,363.99567,0.68683
58.07410,364.07943,0.70909
58.07628,364.16721,0.73166
58.07839,364.25391,0.75453
58.08042,364.33949,0.77766
58.08238,364.42397,0.80101
58.08426,364.50737,0.82452
58.08461,364.59378,0.84817
58.08432,364.68063,0.87191
58.08410,364.76593,0.89573
58.08393,364.84972,0.91959
58.08412,364.93285,0.94346
58.08635,365.02020,0.96730
58.08853,365.10655,0.99108
58.09064,365.19180,1.01473
58.09266,365.27595,1.03820
58.09441,365.35959,1.06143
58.09426,365.44737,1.08436
58.09409,365.53380,1.10695
58.09399,365.61870,1.12918
58.09393,365.70211,1.15102
58.09485,365.78647,1.17244
58.09727,365.87368,1.19344
58.09960,365.95980,1.21399
58.10185,366.04483,1.23408
58.10401,366.12878,1.25368
58.10529,366.21400,1.27280
58.10522,366.30173,1.29144
58.10521,366.38791,1.30962
58.10526,366.47257,1.32737
58.10535,366.55575,1.34473
58.10674,366.64074,1.36171
58.10929,366.72774,1.37833
58.11175,366.81366,1.39461
58.11412,366.89849,1.41052
58.11641,366.98225,1.42607
58.11738,367.06852,1.44125
58.11745,367.15602,1.45607
58.11758,367.24198,1.47053
58.11776,367.32642,1.48465
58.11799,367.40940,1.49845
58.11993,367.49526,1.51193
58.12260,367.58209,1.52513
58.12519,367.66784,1.53806
58.12768,367.75251,1.55072
58.13008,367.83612,1.56315
58.13089,367.92309,1.57535
58.13108,368.01042,1.58735
58.13133,368.09622,1.59918
58.13163,368.18050,1.61086
58.13197,368.26330,1.62239
58.13389,368.34897,1.63380
58.13645,368.43540,1.64511
58.13893,368.52071,1.65633
58.14133,368.60491,1.66747
58.14367,368.68800,1.67855
58.14492,368.77303,1.68960
58.14515,368.85982,1.70063
58.14543,368.94504,1.71166
58.14578,369.02875,1.72268
58.14809,369.11590,1.73372
58.15095,369.20345,1.74478
58.15372,369.28987,1.75588
58.15641,369.37518,1.76700
58.15902,369.45938,1.77818
58.16154,369.54250,1.78944
58.16245,369.62907,1.80080
58.16282,369.71584,1.81229
58.16325,369.80104,1.82395
58.16373,369.88471,1.83580
58.16582,369.97101,1.84787
58.16874,370.05838,1.86018
58.17157,370.14463,1.87274
58.17432,370.22976,1.88556
58.17699,370.31377,1.89862
58.17957,370.39669,1.91195
58.18053,370.48316,1.92556
58.18100,370.56967,1.93947
58.18152,370.65461,1.95370
58.18212,370.73810,1.96826
58.18472,370.82532,1.98318
58.18765,370.91244,1.99843
58.19051,370.99841,2.01403
58.19329,371.08324,2.02993
58.19600,371.16695,2.04612
58.19861,371.24958,2.06257
58.19958,371.33587,2.07927
58.20016,371.42196,2.09622
58.20079,371.50647,2.11342
58.20191,371.59063,2.13086
58.20502,371.67861,2.14854
58.20805,371.76545,2.16644
58.21101,371.85114,2.18454
58.21389,371.93568,2.20279
58.21670,372.01909,2.22114
58.21932,372.10172,2.23956
58.22015,372.18850,2.25801
58.22090,372.27412,2.27647
58.22170,372.35818,2.29494
58.22358,372.44341,2.31338
58.22687,372.53108,2.33179
58.23007,372.61761,2.35013
58.23319,372.70298,2.36837
58.23624,372.78721,2.38646
58.23920,372.87032,2.40437
58.24139,372.95452,2.42203
58.24234,373.04118,2.43942
58.24333,373.12627,2.45650
58.24437,373.20982,2.47323
58.24705,373.29589,2.48956
58.25067,373.38329,2.50547
58.25420,373.46955,2.52092
58.25764,373.55469,2.53587
58.26099,373.63872,2.55027
58.26404,373.72231,2.56410
58.26537,373.80996,2.57734
58.26667,373.89619,2.58995
58.26802,373.98088,2.60191
58.26939,374.06407,2.61323
58.27271,374.15051,2.62389
58.27668,374.23761,2.63390
58.28055,374.32362,2.64330
58.28432,374.40854,2.65211
58.28800,374.49236,2.66038
58.29044,374.57868,2.66817
58.29204,374.66622,2.67555
58.29367,374.75221,2.68259
58.29532,374.83667,2.68935
58.29702,374.91973,2.69590
58.30088,375.00659,2.70230
58.30512,375.09349,2.70860
58.30926,375.17932,2.71482
58.31328,375.26406,2.72098
58.31719,375.34778,2.72710
58.31946,375.43526,2.73319
58.32129,375.52266,2.73928
58.32314,375.60851,2.74538
58.32501,375.69285,2.75152
58.32705,375.77610,2.75771
58.33140,375.86367,2.76396
58.33580,375.95051,2.77027
58.34008,376.03626,2.77663
58.34426,376.12093,2.78299
58.34832,376.20454,2.78933
58.35091,376.29134,2.79562
58.35282,376.37880,2.80180
58.35475,376.46469,2.80784
58.35670,376.54907,2.81369
58.35905,376.63291,2.81932
58.36341,376.72061,2.82470
58.36769,376.80722,2.82983
58.37186,376.89272,2.83469
58.37594,376.97709,2.83927
58.37992,377.06036,2.84359
58.38295,377.14520,2.84765
58.38482,377.23227,2.85144
58.38673,377.31776,2.85495
58.38865,377.40170,2.85820
58.39218,377.48827,2.86119
58.39648,377.57577,2.86395
58.40068,377.66210,2.86653
58.40479,377.74729,2.86896
58.40880,377.83134,2.87130
58.41273,377.91425,2.87360
58.41566,377.99895,2.87591
58.41759,378.08541,2.87830
58.41954,378.17029,2.88079
58.42164,378.25391,2.88344
58.42602,378.34181,2.88628
58.43052,378.42905,2.88934
58.43491,378.51515,2.89266
58.43921,378.60011,2.89625
58.44341,378.68395,2.90012
58.44682,378.76891,2.90427
58.44902,378.85631,2.90870
58.45125,378.94214,2.91341
58.45350,379.02642,2.91836
58.45642,379.11078,2.92353
58.46139,379.19878,2.92888
58.46624,379.28568,2.93438
58.47098,379.37148,2.93997
58.47560,379.45618,2.94559
58.48007,379.53995,2.95119
58.48280,379.62790,2.95669
58.48530,379.71508,2.96202
58.48781,379.80070,2.96709
58.49032,379.88480,2.97183
58.49418,379.97061,2.97617
58.49931,380.05845,2.98005
58.50432,380.14520,2.98344
58.50921,380.23084,2.98631
58.51399,380.31539,2.98863
58.51864,380.39888,2.99038
58.52169,380.48602,2.99157
58.52423,380.57325,2.99222
58.52679,380.65893,2.99232
58.52936,380.74308,2.99192
58.53349,380.82969,2.99105
58.53847,380.91743,2.98973
58.54334,381.00403,2.98803
58.54810,381.08950,2.98597
58.55275,381.17385,2.98359
58.55730,381.25709,2.98091
58.56071,381.34250,2.97797
58.56317,381.42942,2.97482
58.56564,381.51476,2.97149
58.56815,381.59861,2.96802
58.57257,381.68602,2.96446
58.57736,381.77342,2.96083
58.58205,381.85966,2.95718
58.58664,381.94473,2.95352
58.59114,382.02866,2.94985
58.59528,382.11229,2.94618
58.59784,382.19964,2.94248
58.60039,382.28548,2.93872
58.60295,382.36977,2.93486
58.60666,382.45521,2.93088
58.61193,382.54328,2.92678
58.61708,382.63023,2.92257
58.62211,382.71605,2.91827
58.62703,382.80077,2.91392
58.63177,382.88460,2.90954
58.63477,382.97265,2.90518
58.63757,383.05978,2.90086
58.64038,383.14534,2.89659
58.64325,383.22949,2.89237
58.64831,383.31749,2.88822
58.65367,383.40533,2.88415
58.65892,383.49206,2.88015
58.66404,383.57767,2.87624
58.66905,383.66217,2.87241
58.67394,383.74559,2.86864
58.67738,383.83210,2.86492
58.68015,383.91924,2.86118
58.68292,384.00482,2.85738
58.68576,384.08898,2.85345
58.69063,384.17706,2.84933
58.69571,384.26472,2.84498
58.70068,384.35123,2.84037
58.70554,384.43658,2.83548
58.71030,384.52079,2.83030
58.71495,384.60387,2.82481
58.71833,384.68956,2.81899
58.72097,384.77609,2.81280
58.72363,384.86104,2.80622
58.72642,384.94476,2.79924
58.73153,385.03279,2.79191
58.73673,385.12018,2.78425
58.74181,385.20643,2.77635
58.74678,385.29156,2.76827
58.75161,385.37568,2.76009
58.75474,385.46377,2.75188
58.75760,385.55123,2.74372
58.76046,385.63712,2.73568
58.76333,385.72149,2.72781
58.76816,385.80909,2.72017
58.77363,385.89732,2.71281
58.77898,385.98444,2.70577
58.78421,386.07045,2.69906
58.78932,386.15536,2.69267
58.79431,386.23917,2.68660
58.79803,386.32549,2.68077
58.80086,386.41311,2.67511
58.80369,386.49916,2.66955
58.80655,386.58369,2.66400
58.81125,386.67159,2.65842
58.81641,386.75970,2.65280
58.82145,386.84666,2.64715
58.82638,386.93246,2.64148
58.83121,387.01712,2.63582
58.83593,387.10065,2.63018
58.83970,387.18570,2.62456
58.84234,387.27278,2.61892
58.84500,387.35827,2.61323
58.84767,387.44221,2.60745
58.85197,387.52870,2.60156
58.85717,387.61646,2.59558
58.86225,387.70309,2.58951
58.86722,387.78860,2.58340
58.87208,387.87299,2.57725
58.87553,387.96041,2.57108
58.87834,388.04835,2.56487
58.88116,388.13470,2.55862
58.88399,388.21953,2.55227
58.88861,388.30720,2.54583
58.89397,388.39573,2.53929
58.89922,388.48313,2.53270
58.90435,388.56942,2.52607
58.90936,388.65458,2.51946
58.91425,388.73863,2.51285
58.91855,388.82307,2.50624
58.92124,388.91103,2.49959
58.92394,388.99740,2.49287
58.92666,389.08222,2.48608
58.93082,389.16939,2.47925
58.93579,389.25771,2.47247
58.94066,389.34485,2.46582
58.94543,389.43082,2.45939
58.95009,389.51564,2.45325
58.95465,389.59933,2.44747
58.95779,389.68601,2.44206
58.96048,389.77263,2.43702
58.96318,389.85770,2.43229
58.96591,389.94132,2.42783
58.97076,390.02869,2.42360
58.97602,390.11620,2.41959
58.98115,390.20260,2.41575
58.98616,390.28789,2.41206
58.99105,390.37212,2.40845
58.99434,390.45989,2.40482
58.99710,390.54778,2.40105
58.99988,390.63411,2.39701
59.00270,390.71900,2.39255
59.00763,390.80775,2.38761
59.01287,390.89639,2.38214
59.01799,390.98389,2.37616
59.02299,391.07027,2.36973
59.02788,391.15554,2.36291
59.03264,391.23969,2.35576
59.03650,391.32512,2.34833
59.03902,391.41305,2.34066
59.04157,391.49941,2.33277
59.04413,391.58421,2.32472
59.04713,391.66880,2.31659
59.05176,391.75689,2.30848
59.05629,391.84378,2.30051
59.06074,391.92949,2.29278
59.06509,392.01401,2.28539
59.06893,392.09891,2.27838
59.07159,392.18662,2.27176
59.07426,392.27277,2.26550
59.07694,392.35740,2.25955
59.08134,392.44483,2.25386
59.08648,392.53312,2.24841
59.09150,392.62030,2.24320
59.09641,392.70635,2.23824
59.10119,392.79130,2.23356
59.10587,392.87514,2.22914
59.10944,392.96090,2.22494
59.11191,393.04855,2.22088
59.11441,393.13461,2.21684
59.11695,393.21920,2.21275
59.12138,393.30749,2.20853
59.12611,393.39562,2.20416
59.13074,393.48258,2.19969
59.13527,393.56837,2.19517
59.13970,393.65301,2.19068
59.14398,393.73663,2.18629
59.14676,393.82349,2.18204
59.14931,393.90956,2.17797
59.15187,393.99410,2.17407
59.15446,394.07724,2.17035
59.15903,394.16415,2.16684
59.16390,394.25100,2.16357
59.16866,394.33674,2.16060
59.17330,394.42138,2.15795
59.17722,394.50686,2.15564
59.17967,394.59539,2.15364
59.18214,394.68234,2.15189
59.18462,394.76775,2.15030
59.18853,394.85520,2.14873
59.19351,394.94434,2.14709
59.19837,395.03234,2.14530
59.20311,395.11921,2.14331
59.20774,395.20496,2.14114
59.21225,395.28959,2.13880
59.21652,395.37352,2.13630
59.21886,395.46172,2.13364
59.22110,395.54868,2.13079
59.22337,395.63408,2.12772
59.22566,395.71798,2.12439
59.22958,395.80517,2.12082
59.23391,395.89255,2.11707
59.23815,395.97874,2.11324
59.24230,396.06376,2.10946
59.24633,396.14771,2.10584
59.24889,396.23532,2.10252
59.25123,396.32217,2.09958
59.25359,396.40748,2.09706
59.25662,396.49290,2.09501
59.26156,396.58183,2.09343
59.26638,396.66964,2.09235
59.27108,396.75633,2.09181
59.27567,396.84191,2.09184
59.28015,396.92638,2.09243
59.28444,397.00999,2.09358
59.28683,397.09792,2.09523
59.28903,397.18488,2.09731
59.29126,397.27027,2.09968
59.29392,397.35527,2.10219
59.29840,397.44398,2.10471
59.30279,397.53154,2.10711
59.30709,397.61793,2.10932
59.31129,397.70316,2.11132
59.31539,397.78724,2.11310
59.31918,397.87086,2.11466
59.32123,397.95836,2.11599
59.32328,398.04440,2.11708
59.32535,398.12887,2.11788
59.32828,398.21388,2.11837
59.33297,398.30213,2.11853
59.33755,398.38926,2.11838
59.34203,398.47526,2.11794
59.34639,398.56014,2.11727
59.35029,398.64504,2.11641
59.35249,398.73374,2.11540
59.35470,398.82089,2.11425
59.35693,398.90647,2.11296
59.35989,398.99228,2.11150
59.36467,399.08148,2.10983
59.36935,399.16954,2.10795
59.37391,399.25648,2.10588
59.37836,399.34230,2.10365
59.38269,399.42700,2.10133
59.38692,399.51063,2.09895
59.38946,399.59782,2.09659
59.39149,399.68504,2.09428
59.39356,399.77069,2.09206
59.39567,399.85488,2.08993
59.39960,399.94277,2.08791
59.40378,400.03040,2.08601
59.40787,400.11683,2.08426
59.41187,400.20210,2.08272
59.41578,400.28620,2.08143
59.41939,400.36983,2.08043
59.42135,400.45715,2.07977
59.42332,400.54299,2.07949
59.42530,400.62727,2.07963
59.42845,400.71284,2.08021
59.43305,400.80092,2.08122
59.43754,400.88788,2.08266
59.44193,400.97371,2.08448
59.44620,401.05843,2.08662
59.45031,401.14224,2.08902
59.45261,401.23024,2.09159
59.45471,401.31734,2.09425
59.45683,401.40289,2.09694
59.45926,401.48762,2.09954
59.46391,401.57657,2.10198
59.46850,401.66453,2.10416
59.47298,401.75137,2.10602
59.47735,401.83709,2.10750
59.48162,401.92169,2.10857
59.48577,402.00520,2.10920
59.48839,402.09189,2.10941
59.49035,402.17906,2.10922
59.49234,402.26466,2.10869
59.49436,402.34876,2.10788
59.49819,402.43633,2.10683
59.50238,402.52395,2.10557
59.50648,402.61040,2.10412
59.51049,402.69568,2.10245
59.51440,402.77982,2.10054
59.51822,402.86283,2.09836
59.52057,402.94895,2.09590
59.52240,403.03519,2.09317
59.52426,403.11986,2.09019
59.52642,403.20364,2.08700
59.53084,403.29179,2.08361
59.53524,403.37901,2.08003
59.53953,403.46511,2.07626
59.54372,403.55009,2.07225
59.54780,403.63397,2.06798
59.55042,403.72095,2.06340
59.55241,403.80833,2.05854
59.55444,403.89416,2.05341
59.55648,403.97845,2.04809
59.55930,404.06312,2.04267
59.56393,404.15112,2.03722
59.56845,404.23801,2.03182
59.57286,404.32380,2.02648
59.57715,404.40850,2.02119
59.58133,404.49211,2.01591
59.58399,404.57898,2.01061
59.58601,404.66628,2.00527
59.58806,404.75202,1.99994
59.59013,404.83624,1.99471
59.59332,404.92172,1.98972
59.59789,405.00962,1.98514
59.60236,405.09642,1.98112
59.60671,405.18211,1.97781
59.61094,405.26670,1.97530
59.61508,405.35020,1.97364
59.61800,405.43589,1.97280
59.61990,405.52320,1.97269
59.62182,405.60894,1.97321
59.62377,405.69315,1.97420
59.62641,405.77762,1.97550
59.63078,405.86536,1.97693
59.63503,405.95198,1.97825
59.63918,406.03747,1.97923
59.64323,406.12184,1.97960
59.64718,406.20511,1.97915
59.65034,406.28935,1.97769
59.65208,406.37641,1.97511
59.65386,406.46189,1.97137
59.65566,406.54584,1.96654
59.65844,406.63071,1.96075
59.66268,406.71827,1.95418
59.66682,406.80468,1.94707
59.67086,406.88997,1.93965
59.67480,406.97413,1.93215
59.67865,407.05718,1.92484
59.68179,407.14095,1.91796
59.68345,407.22778,1.91179
59.68514,407.31303,1.90664
59.68687,407.39674,1.90282
59.68964,407.48151,1.90060
59.69386,407.56890,1.90026
59.69799,407.65515,1.90197
59.70202,407.74028,1.91426
59.70594,407.82430,1.93108
59.70977,407.90721,1.95060
59.71281,407.99111,1.97107
59.71444,408.07782,1.99111
59.71611,408.16296,2.00976
59.71781,408.24657,2.02637
59.71993,408.32963,2.04055
59.72420,408.41681,2.05208
59.72840,408.50295,2.06082
59.73249,408.58799,2.06673
59.73648,408.67193,2.06980
59.74036,408.75478,2.07005
59.74377,408.83769,2.06750
59.74548,408.92432,2.06222
59.74722,409.00942,2.05426
59.74898,409.09299,2.04366
59.75077,409.17508,2.03048
59.75435,409.26021,2.01479
59.75862,409.34617,1.99661
59.76278,409.43106,1.97600
59.76684,409.51486,1.95301
59.77079,409.59758,1.92767
59.77463,409.67926,1.90001
59.77692,409.76422,1.87009
59.77865,409.84943,1.83792
59.78040,409.93312,1.80355
59.78218,410.01532,1.76699
59.78397,410.09606,1.72829
59.78701,410.17842,1.68746
59.79129,410.26288,1.64452
59.79547,410.34629,1.59949
59.79953,410.42865,1.55238
59.80349,410.50997,1.50320
59.80735,410.59024,1.45197
59.81110,410.66949,1.39870
59.81475,410.74770,1.34338
59.81831,410.82490,1.28602
59.82143,410.90199,1.22664
59.82271,410.98289,1.16524
59.82402,411.06237,1.10181
59.82537,411.14041,1.03637
59.82675,411.21704,0.96891
59.82816,411.29229,0.89944
59.82960,411.36620,0.82795
59.83106,411.43880,0.75443
59.83253,411.51011,0.67888
59.83402,411.58016,0.60130
59.83636,411.65094,0.52166
59.84040,411.72480,0.43996
59.84433,411.79778,0.35617
59.84815,411.86989,0.27027
59.85188,411.94113,0.18225
59.85550,412.01151,0.09207
59.85903,412.08102,-0.00029
59.86245,412.14967,-0.09485
59.86578,412.21746,-0.19166
59.86902,412.28440,-0.29074
59.87217,412.35048,-0.39212
59.87522,412.41572,-0.49584
59.87819,412.48011,-0.60192
59.88107,412.54367,-0.71041
59.88388,412.60639,-0.82133
59.88660,412.66829,-0.93472
59.88924,412.72937,-1.05061
59.89181,412.78963,-1.16902
59.89430,412.84908,-1.29000
59.89673,412.90773,-1.41357
59.89908,412.96558,-1.53974
